Nom;Prenom;Somme;Telephone
Aidan;Lawrence;$40.94;07 44 32 96 96
James;Christian;$87.21;01 62 01 70 96
Linda;Alden;8,56;02 07 10 14 56
Dylan;Forrest;$22.46;08 43 01 87 09
Fiona;Ferris;6,33;02/93/19/05/47
Farrah;Drew;$30.61;01 79 20 87 87
Dawn;Vera;728,56$;05/14/71/32/27
Aquila;Dale;381,96$;01/71/20/33/04
Kenyon;Burke;0,11;06 16 13 19 82
Martin;Britanni;1,12;07 03 57 10 94
Jacob;Xander;488,55$;03/89/88/76/96
Blythe;Odysseus;$89.31;07 30 13 92 38
Steven;Christen;4,71;09/12/57/71/73
Quail;Lucius;671,83$;07/16/72/26/50
Stephen;May;0,91;02/46/71/32/42
Octavia;Brandon;8,6;05/58/51/25/80
Aquila;Dale;381,96$;01/71/20/33/04
Morgan;Daniel;7,93;07 58 25 91 48
Yetta;Lilah;$38.11;06 89 74 41 23
Marny;Christian;5,8;04 42 00 36 41
Emerson;Reed;2,67;08/77/37/76/81
Octavia;Brandon;8,6;05/58/aa/25/80
Zelda;Rahim;862,69$;08/89/96/25/69
Alana;Garrett;4,16;06 38 97 78 64
Zorita;Porter;8,8;03/46/81/93/03
Ocean;Kim;$99.20;02 95 03 46 70
Gareth;McKenzie;907,24$;+33 2 31 74 13 15
Burton;Kenyon;$14.70;05 27 39 57 04
Hanae;Brian;741,19$;05/10/67/72/68
Amber;Isaac;553,26$;07/22/92/42/50
Ashton;Uta;1,21;+33 19 04 80 91
Lionel;Ashton;$20.00;02 23 55 27 43
Jasmine;Janna;8,8;05 57 66 69 52
Lila;Yoko;4,64;
Lydia;Emery;4,47;05/38/73/49/63
Keiko;Eaton;7,25;05/09/23/66/49
Upton;Farrah;566,31$;04/56/88/31/25
Gisela;Gil;$34.44;05 92 62 93 43
Arden;April;$8.84;05 05 36 89 54
Nevada;Zena;1,8;08/54/37/26/09
Delilah;Theodore;876,45$;03/25/67/27/19
Andrew;Arthur;9,27;02 61 00 41 57
Maia;Abbot;6,17;02/00/16/36/66
Hedda;Timothy;9,29;05 13 62 44 17
Shoshana;Amber;2,17;01 99 30 85 41
Zena;Raven;5,25;03 07 97 72 65
Gregory;Chantale;$95.70;05 17 21 51 77
Leroy;Xena;745,39$;07/77/17/99/93
Hasad;Raya;8,71;03 28 05 56 16
Lewis;Ferris;$44.77;03 99 68 36 90
Dale;Deacon;9,37;09 23 04 45 54
Cassady;Boris;4,65;07/36/99/57/33
Bo;Odysseus;1,76;07/38/63/85/87
Armando;Oscar;3,53;03 27 71 39 28
Miranda;Kennan;8,32;05/52/15/53/20
Rhona;Jelani;911,34$;09/71/66/46/40
Kennan;Len;0,82;05/26/46/13/78
Alana;Garrett;4,16;06 38 97 78 64
Elijah;Seth;$23.32;06 03 10 71 56
Jane;Emi;412,63$;06/72/20/27/46
Germaine;Alisa;807,71$;03/28/07/14/24
Gregory;Constance;$59.27;04 76 52 69 82
Maia;Abbot;6,17;02/00/16/36/66
Colette;Carl;1,99;08/95/71/90/65
Zeph;Gretchen;382,83$;01/48/65/91/34
Cleo;Dacey;9,76;01/59/66/70/27
Jermaine;Aimee;$85.37;04 55 79 76 50
Rhea;Alika;8,72;02/81/13/51/74
Tallulah;Paki;4,13;03 64 50 10 08
Ingrid;Amery;$44.55;05 21 40 04 33
Chaim;Sheila;6,87;07/06/58/42/00
Lucas;Galvin;269,15$;04/21/19/64/41
Kyra;Prescott;$31.30;06 47 55 32 03
Fiona;Ferris;6,33;02/93/19/05/47
Keiko;Hoyt;4,57;06 83 07 83 58
Miranda;Kennan;8,32;05/52/15/53/20
Nathan;Theodore;0,26;02 00 13 38 08
Chaney;Urielle;5,96;07 57 82 41
Berk;Rudyard;233,39$;01/71/44/12/90
Camden;Conan;8,96;03/02/97/84/91
Arden;April;$8.84;05 05 36 89 54
Kyra;Prescott;$31.30;06 47 55 32 03
Ulysses;Miriam;4,34;08 33 22 59 91
Audra;Phillip;6,66;08 79 68 11 87
Rudyard;Martina;6,42;04/87/14/41/12
Adara;Alisa;$9.78;03 56 25 03 75
Isabella;Halla;6,8;07 67 07 18 05
Mufutau;Gray;4,04;
Uma;Chava;4,94;04/10/92/31/34
Kitra;Eaton;5,89;01/52/13/66/87
Andrew;Arthur;9,27;02 61 00 41 57
Amber;Isaac;553,26$;07/22/92/42/50
Anastasia;Kerry;2,91;06 12 55 63 55
Neville;Hu;3,33;02 73 40 50 70
Gavin;Salvador;2,42;03 63 99 50 11
Mufutau;Otto;448,20$;04/45/94/78/08
Ariana;Melvin;559,94$;01/77/47/62/97
Hanna;Nayda;8,41;03 09 20 37 80
Demetria;Sheila;3,94;09 59 73 57 74
Wayne;Felix;907,86$;06/93/82/86/00
